{"cameraMode":{"drawMode":0,"name":"Shaded","section":"Shading Mode"},"sceneLighting":true,"audioPlay":false,"sceneViewState":{"showFog":true,"showMaterialUpdate":false,"showSkybox":true,"showFlares":true,"showImageEffects":true,"showParticleSystems":true},"in2DMode":false,"pivot":{"x":233.42935180664063,"y":272.07147216796877,"z":-12.1343994140625},"rotation":{"x":0.00007998887303983793,"y":0.9959540367126465,"z":-0.08987883478403092,"w":0.0008949653711169958},"size":540.4309692382813,"orthographic":false}