{"cameraMode":{"drawMode":0,"name":"Shaded","section":"Shading Mode"},"sceneLighting":true,"audioPlay":false,"sceneViewState":{"showFog":true,"showMaterialUpdate":false,"showSkybox":true,"showFlares":true,"showImageEffects":true,"showParticleSystems":true},"in2DMode":false,"pivot":{"x":0.975318193435669,"y":3.700627326965332,"z":-1.3019988536834717},"rotation":{"x":-0.043522320687770846,"y":0.9547685384750366,"z":-0.17669948935508729,"w":-0.23516719043254853},"size":5.0343852043151859,"orthographic":false}